,,,,,,철원,화천,양구,고성(강원),,,,
,,,,,서울도봉,서울노원,연천,포천,속초,,,,
,,,파주,고양,서울강북,서울성북,동두천,양주,인제,양양,,,
,인천강화,김포,광명,서울은평,서울서대문,서울종로,의정부,남양주,가평,춘천,,,
,인천서구,부천,안양,서울강서,서울마포,서울중구,서울동대문,서울중랑,구리,홍천,강릉,,
,인천동구,인천계양,시흥,서울양천,서울동작,서울용산,서울성동,서울강동,하남,횡성,동해,,
,,인천부평,안산,서울영등포,서울관악,서울서초,서울광진,서울송파,양평,평창,정선,,울릉
,인천중구,인천미추홀,화성,서울구로,서울금천,서울강남,과천,광주,여주,원주,태백,,
인천옹진,인천연수,인천남동,오산,안성,군포,의왕,성남,이천,문경,영월,삼척,,
,태안,당진,아산,천안,평택,수원,용인,상주,예천,영주,봉화,울진,
,서산,홍성,예산,공주,음성,충주,단양,제천,구미,안동,영양,영덕,
,,보령,청양,세종,진천,증평,괴산,김천,군위,의성,청송,포항,
,,부여,논산,계룡,대전대덕,청주,보은,성주,칠곡,영천,경산,경주,
,,서천,금산,대전유성,대전동구,옥천,고령,청도,대구북구,대구중구,대구동구,울산북구,
,,군산,익산,대전서구,대전중구,영동,합천,대구서구,대구남구,대구수성,울산중구,울산동구,
,,부안,김제,완주,무주,거창,창녕,대구달서,대구달성,부산금정,울산울주,울산남구,
,고창,정읍,전주,진안,장수,함양,의령,밀양,부산북구,부산부산진,부산동래,부산기장,
,영광,장성,순창,임실,남원,진주,함안,양산,부산사상,부산동구,부산연제,부산해운대,
,함평,담양,곡성,구례,산청,사천,창원,부산강서,부산서구,부산중구,부산수영,,
신안,무안,광주광산,광주북구,화순,하동,남해,고성,김해,부산사하,부산영도,부산남구,,
목포,나주,광주서구,광주동구,순천,광양,,,통영,거제,,,,
해남,영암,광주남구,보성,여수,,,,,,,,,
진도,강진,장흥,고흥,,,,,,,,,,
,,완도,,,,,,,,,,,
,,,,제주,,,,,,,,,
,,,,서귀포,,,,,,,,,
